slug,label
"adjectives_2","Adjectives"
"adjectives-forms","Adjectives: forms"
"adjectives-order","Adjectives: order"
"adjective-phrases-functions","Adjective phrases: functions"
"adjective-phrases-position","Adjective phrases: position"
"adjectives-and-adjective-phrases-typical-errors","Adjectives and adjective phrases: typical errors"
"adverbs_2","Adverbs"
"adverb-phrases","Adverb phrases"
"adverbs-and-adverb-phrases-position","Adverbs and adverb phrases: position"
"adverbs-and-adverb-phrases-typical-errors","Adverbs and adverb phrases: typical errors"
"adverbs-forms","Adverbs: forms"
"adverbs-functions","Adverbs: functions"
"adverbs-types","Adverbs: types"
"always","Always"
"determiners-and-types-of-noun","Determiners and types of noun"
"determiners-position-and-order","Determiners: position and order"
"determiners-typical-errors","Determiners: typical errors"
"determiners-used-as-pronouns","Determiners used as pronouns"
"nouns_2","Nouns"
"nouns-form","Nouns: form"
"nouns-and-prepositions","Nouns and prepositions"
"nouns-compound-nouns","Nouns: compound nouns"
"nouns-countable-and-uncountable","Nouns: countable and uncountable"
"nouns-forming-nouns-from-other-words","Nouns: forming nouns from other words"
"nouns-singular-and-plural","Nouns: singular and plural"
"noun-phrases-dependent-words","Noun phrases: dependent words"
"noun-phrases-order","Noun phrases: order"
"noun-phrases-uses","Noun phrases: uses"
"noun-phrases-noun-phrases-and-verbs","Noun phrases: noun phrases and verbs"
"noun-phrases-two-noun-phrases-together","Noun phrases: two noun phrases together"
"pronouns_2","Pronouns"
"gender","Gender"
"relative-pronouns","Relative pronouns"
"more","More"
"piece-words-and-group-words","Piece words and group words"
"nouns-and-gender","Nouns and gender"
"reported-speech-reporting-nouns","Reported speech: reporting nouns"
"prepositions_2","Prepositions"
"prepositional-phrases","Prepositional phrases"
"collocation_2","Collocation"
"commands-and-instructions","Commands and instructions"
"commentaries","Commentaries"
"invitations","Invitations"
"offers","Offers"
"requests","Requests"
"suggestions","Suggestions"
"telephoning","Telephoning"
"warnings","Warnings"
"dates","Dates"
"measurements","Measurements"
"number","Number"
"geographical-places","Geographical places"
"names-and-titles-addressing-people","Names and titles: addressing people"
"nationalities-languages-countries-and-regions","Nationalities, languages, countries and regions"
"place-names","Place names"
"politeness","Politeness"
"reported-speech_2","Reported speech"
"reported-speech-direct-speech","Reported speech: direct speech"
"reported-speech-indirect-speech","Reported speech: indirect speech"
"sexist-language","Sexist language"
"pronunciation","Pronunciation"
"intonation","Intonation"
"tags","Tags"
"chunks","Chunks"
"ellipsis","Ellipsis"
"headers-and-tails","Headers and tails"
"hyperbole","Hyperbole"
"vague-expressions","Vague expressions"
"downtoners","Downtoners"
"substitution","Substitution"
"british-and-american-english","British and American English"
"dialect","Dialect"
"double-negatives-and-usage","Double negatives and usage"
"formal-and-informal-language","Formal and informal language"
"newspaper-headlines","Newspaper headlines"
"register","Register"
"slang","Slang"
"standard-and-non-standard-language","Standard and non-standard language"
"swearing-and-taboo-expressions","Swearing and taboo expressions"
"apostrophe","Apostrophe (’)"
"apposition","Apposition"
"contractions","Contractions"
"contrasts","Contrasts"
"detached-impersonal-style","Detached impersonal style"
"internet-discourse-and-text-messages","Internet discourse and text messages"
"paragraphs","Paragraphs"
"punctuation","Punctuation"
"speech-into-writing","Speech into writing"
"spelling_2","Spelling"
"past-continuous-or-past-simple","Past continuous or past simple?"
"past-simple-or-present-perfect","Past simple or present perfect?"
"past-perfect-simple-or-past-perfect-continuous","Past perfect simple or past perfect continuous?"
"past-perfect-simple-or-past-simple","Past perfect simple or past simple?"
"past-verb-forms-referring-to-the-present","Past verb forms referring to the present"
"past-typical-errors","Past: typical errors"
"present-perfect-simple-or-present-perfect-continuous","Present perfect simple or present perfect continuous?"
"present-perfect-typical-errors","Present perfect: typical errors"
"present-simple-or-present-continuous","Present simple or present continuous?"
"present-typical-errors","Present: typical errors"
"present-verb-forms-referring-to-the-past","Present verb forms referring to the past"
"future-other-expressions-to-talk-about-the-future","Future: other expressions to talk about the future"
"future-in-the-past","Future in the past"
"future-typical-errors","Future: typical errors"
"finite-and-non-finite-verbs","Finite and non-finite verbs"
"infinitive-active-or-passive","Infinitive: active or passive?"
"verbs-basic-forms","Verbs: basic forms"
"verbs-formation","Verbs: formation"
"verb-patterns-with-and-without-objects","Verb patterns: with and without objects"
"phrasal-verbs-and-multi-word-verbs","Phrasal verbs and multi-word verbs"
"passive-forms","Passive: forms"
"passives-with-and-without-an-agent","Passives with and without an agent"
"passive-uses","Passive: uses"
"passive-other-forms","Passive: other forms"
"passive-typical-errors","Passive: typical errors"
"modality-forms","Modality: forms"
"modality-meanings-and-uses","Modality: meanings and uses"
"modality-tense","Modality: tense"
"modality-other-verbs","Modality: other verbs"
"modality-other-modal-words-and-expressions","Modality: other modal words and expressions"
"conditionals","Conditionals"
"conditionals-typical-errors","Conditionals: typical errors"
"verbs-types","Verbs: types"
"verb-phrases","Verb phrases"
"verbs-and-verb-phrases-typical-errors","Verbs and verb phrases: typical errors"
"explain","Explain"
"seem","Seem"
"table-of-irregular-verbs","Table of irregular verbs"
"word-classes-and-phrase-classes","Word classes and phrase classes"
"word-formation_2","Word formation"
"prefixes","Prefixes"
"suffixes","Suffixes"
"compounds","Compounds"
"abbreviations-initials-and-acronyms","Abbreviations, initials and acronyms"
"hyphens","Hyphens"
"word-order-and-focus_2","Word order and focus"
"word-order-structures","Word order: structures"
"fronting","Fronting"
"inversion","Inversion"
"but","But"
"conjunctions","Conjunctions"
"conjunctions-adding","Conjunctions: adding"
"conjunctions-causes-reasons-results-and-purpose","Conjunctions: causes, reasons, results and purpose"
"conjunctions-contrasting","Conjunctions: contrasting"
"conjunctions-time","Conjunctions: time"
"adjuncts","Adjuncts"
"clauses","Clauses"
"clauses-finite-and-non-finite","Clauses: finite and non-finite"
"clause-types","Clause types"
"complements","Complements"
"dummy-subjects","Dummy subjects"
"exclamations","Exclamations"
"heads","Heads"
"objects","Objects"
"sentences","Sentences"
"subjects","Subjects"
"subject-complements","Subject complements"
"subject-verb-agreement","Subject–verb agreement"
"relative-clauses_2","Relative clauses"
"relative-clauses-referring-to-a-whole-sentence","Relative clauses referring to a whole sentence"
"relative-clauses-defining-and-non-defining","Relative clauses: defining and non-defining"
"relative-clauses-typical-errors","Relative clauses: typical errors"
"forming-negative-statements-questions-and-imperatives","Forming negative statements, questions and imperatives"
"negation-two-negatives","Negation: two negatives"
"negation-emphasising","Negation: emphasising"
"questions-two-step-questions","Questions: two-step questions"
"questions-typical-errors","Questions: typical errors"
"questions-follow-up-questions","Questions: follow-up questions"
"questions-echo-and-checking-questions","Questions: echo and checking questions"
"questions-short-forms","Questions: short forms"
"collocation-ask-a-question","Collocation: ask a question"
"collocation-big-or-great","Collocation: big or great?"
"collocation-business","Collocation: business"
"collocation-change","Collocation: change"
"collocation-contribution","Collocation: contribution"
"collocation-difficulty","Collocation: difficulty"
"collocation-do-or-make","Collocation: do or make?"
"collocation-effort","Collocation: effort"
"collocation-experience","Collocation: experience"
"collocation-friend","Collocation: friend"
"collocation-improvement","Collocation: improvement"
"collocation-make-give-a-speech","Collocation: make/give a speech"
"collocation-mistake","Collocation: mistake"
"collocation-number","Collocation: number"
"collocation-party","Collocation: party"
"collocation-profit","Collocation: profit"
"collocation-research","Collocation: research"
"collocation-say-or-tell","Collocation: say or tell?"
"collocation-speak-or-talk","Collocation: speak or talk?"
"collocation-step","Collocation: step"
"collocation-success","Collocation: success"
"collocation-suggestion","Collocation: suggestion"
"collocation-survey","Collocation: survey"
"collocation-take-sit-an-exam","Collocation: take/sit an exam"
"collocation-watch-television","Collocation: watch television"
"collocation-work","Collocation: work"
"countability-advice","Countability: advice"
"countability-behaviour","Countability: behaviour"
"countability-damage","Countability: damage"
"countability-equipment","Countability: equipment"
"countability-furniture","Countability: furniture"
"countability-information","Countability: information"
"countability-kind-or-kinds","Countability: kind or kinds?"
"countability-knowledge","Countability: knowledge"
"countability-less-or-fewer","Countability: less or fewer?"
"countability-more","Countability: more"
"countability-one-of","Countability: one of"
"countability-progress","Countability: progress"
"countability-research","Countability: research"
"countability-sale-or-sales","Countability: sale or sales?"
"countability-software","Countability: software"
"countability-staff","Countability: staff"
"countability-surroundings","Countability: surroundings"
"countability-training","Countability: training"
"countability-transport","Countability: transport"
"countability-year","Countability: year"
"determiners-all-period-of-time","Determiners: all + period of time"
"determiners-a-long-time","Determiners: a long time"
"determiners-a-lot-of-and-lots-of","Determiners: a lot of and lots of"
"determiners-billions-of-sth-or-billion","Determiners: billions (of sth) or billion?"
"determiners-countryside","Determiners: countryside"
"determiners-government","Determiners: government"
"determiners-hundreds-or-hundred","Determiners: hundreds or hundred?"
"determiners-in-future-or-in-the-future","Determiners: in future or in the future?"
"determiners-internet","Determiners: internet"
"determiners-life","Determiners: life"
"determiners-many-much-or-a-lot-of","Determiners: many, much, or a lot of?"
"determiners-millions-or-million","Determiners: millions or million?"
"determiners-most-of-or-most","Determiners: most of or most?"
"determiners-nature","Determiners: nature"
"determiners-next-or-the-next","Determiners: next or the next?"
"determiners-other","Determiners: other"
"determiners-same","Determiners: same"
"determiners-society","Determiners: society"
"determiners-such","Determiners: such"
"determiners-technology","Determiners: technology"
"determiners-this-that-or-these-those","Determiners: this/that or these/those?"
"determiners-this-these-or-that-those","Determiners: this/these or that/those?"
"determiners-thousands-or-thousand","Determiners: thousands or thousand?"
"part-of-speech-advice-or-advise","Part of speech: advice or advise?"
"part-of-speech-affect-or-effect","Part of speech: affect or effect?"
"part-of-speech-apologize-or-apology","Part of speech: apologize or apology?"
"part-of-speech-breath-or-breathe","Part of speech: breath or breathe?"
"part-of-speech-choice-or-choose","Part of speech: choice or choose?"
"part-of-speech-complaint-or-complain","Part of speech: complaint or complain?"
"part-of-speech-completely","Part of speech: completely"
"part-of-speech-concern-or-concerned","Part of speech: concern or concerned?"
"part-of-speech-died-or-dead","Part of speech: died or dead?"
"part-of-speech-different-or-difference","Part of speech: different or difference?"
"part-of-speech-easy-or-easily","Part of speech: easy or easily?"
"part-of-speech-good-or-well","Part of speech: good or well?"
"part-of-speech-healthy-or-health","Part of speech: healthy or health?"
"part-of-speech-important","Part of speech: important"
"part-of-speech-inconvenient-or-inconvenience","Part of speech: inconvenient or inconvenience?"
"part-of-speech-life-or-live","Part of speech: life or live?"
"part-of-speech-lost-or-loss","Part of speech: lost or loss?"
"part-of-speech-open-and-close","Part of speech: open and close"
"part-of-speech-others-other-or-another","Part of speech: others, other, or another?"
"part-of-speech-please-or-pleased","Part of speech: please or pleased?"
"part-of-speech-relax-or-relaxed","Part of speech: relax or relaxed?"
"part-of-speech-remember-or-memory","Part of speech: remember or memory?"
"part-of-speech-safe-or-save","Part of speech: safe or save?"
"part-of-speech-sale-or-sell","Part of speech: sale or sell?"
"part-of-speech-slightly-or-slight","Part of speech: slightly or slight?"
"part-of-speech-truth-or-true","Part of speech: truth or true?"
"part-of-speech-you-or-your","Part of speech: you or your?"
"part-of-speech-your-or-yours","Part of speech: your or yours?"
"prepositions-afternoon","Prepositions: afternoon"
"prepositions-a-lot","Prepositions: a lot"
"prepositions-attention","Prepositions: attention"
"prepositions-back-to","Prepositions: back to"
"prepositions-beach","Prepositions: beach"
"prepositions-course","Prepositions: course"
"prepositions-day","Prepositions: day"
"prepositions-decrease","Prepositions: decrease"
"prepositions-difference","Prepositions: difference"
"prepositions-experience","Prepositions: experience"
"prepositions-floor","Prepositions: floor"
"prepositions-home","Prepositions: home"
"prepositions-increase-in-or-increase-of","Prepositions: increase in or increase of?"
"prepositions-interest","Prepositions: interest"
"prepositions-island","Prepositions: island"
"prepositions-knowledge","Prepositions: knowledge"
"prepositions-last-but-not-least","Prepositions: last but not least"
"prepositions-leave","Prepositions: leave"
"prepositions-need","Prepositions: need"
"prepositions-newspaper","Prepositions: newspaper"
"prepositions-occasion","Prepositions: occasion"
"prepositions-on-the-one-hand-on-the-other-hand","Prepositions: on the one hand ... on the other hand"
"prepositions-opinion","Prepositions: opinion"
"prepositions-pleased","Prepositions: pleased"
"prepositions-point-of-view","Prepositions: point of view"
"prepositions-reason","Prepositions: reason"
"prepositions-responsible","Prepositions: responsible"
"prepositions-rise","Prepositions: rise"
"prepositions-row","Prepositions: row"
"prepositions-solution","Prepositions: solution"
"prepositions-take-into-consideration","Prepositions: take into consideration"
"prepositions-television","Prepositions: television"
"prepositions-train","Prepositions: train"
"prepositions-world","Prepositions: world"
"prepositions-worry","Prepositions: worry"
"spelling-common-verb-ending-mistakes","Spelling: Common verb ending mistakes"
"spelling-common-word-building-mistakes","Spelling: Common word-building mistakes"
"spelling-top-50-spelling-mistakes-in-english","Spelling: Top 50 spelling mistakes in English"
"word-choice-accept-or-agree","Word choice: accept or agree?"
"word-choice-according-to","Word choice: according to"
"word-choice-actual-or-current","Word choice: actual or current?"
"word-choice-advertisement-or-advertising","Word choice: advertisement or advertising?"
"word-choice-all-or-everything","Word choice: all or everything?"
"word-choice-alone-or-lonely","Word choice: alone or lonely?"
"word-choice-amount-of-or-number-of","Word choice: amount of or number of?"
"word-choice-ancient-former-or-old","Word choice: ancient, former, or old?"
"word-choice-announce-or-advertise","Word choice: announce or advertise?"
"word-choice-another-or-other","Word choice: another or other?"
"word-choice-as-or-like","Word choice: as or like?"
"word-choice-at-last-or-finally","Word choice: at last or finally?"
"word-choice-avoid-or-prevent","Word choice: avoid or prevent?"
"word-choice-besides-or-also","Word choice: besides or also?"
"word-choice-bored-or-boring","Word choice: bored or boring?"
"word-choice-bring-or-take","Word choice: bring or take?"
"word-choice-camping-or-campsite","Word choice: camping or campsite?"
"word-choice-class-or-classroom","Word choice: class or classroom?"
"word-choice-closed-or-close","Word choice: closed or close?"
"word-choice-cloth-clothes-or-clothing","Word choice: cloth, clothes, or clothing?"
"word-choice-come","Word choice: come"
"word-choice-common-or-ordinary","Word choice: common or ordinary?"
"word-choice-contain-or-include","Word choice: contain or include?"
"word-choice-correct-or-right","Word choice: correct or right?"
"word-choice-country-land-nation-or-state","Word choice: country, land, nation, or state?"
"word-choice-drive-or-ride","Word choice: drive or ride?"
"word-choice-during-or-for","Word choice: during or for?"
"word-choice-economical-or-economic","Word choice: economical or economic?"
"word-choice-education-or-upbringing","Word choice: education or upbringing?"
"word-choice-elder-or-elderly","Word choice: elder or elderly?"
"word-choice-employer-or-employee","Word choice: employer or employee?"
"word-choice-excited-or-exciting","Word choice: excited or exciting?"
"word-choice-far-or-away","Word choice: far or away?"
"word-choice-fault-or-mistake","Word choice: fault or mistake?"
"word-choice-few-or-a-few","Word choice: few or a few?"
"word-choice-find-out-or-find","Word choice: find out or find?"
"word-choice-fit-or-suit","Word choice: fit or suit?"
"word-choice-forget-or-leave","Word choice: forget or leave?"
"word-choice-funny-or-fun","Word choice: funny or fun?"
"word-choice-further-or-farther","Word choice: further or farther?"
"word-choice-go-gone-and-been","Word choice: go, gone, and been"
"word-choice-go-or-come","Word choice: go or come?"
"word-choice-go-or-get","Word choice: go or get?"
"word-choice-hardly-or-hard","Word choice: hardly or hard?"
"word-choice-history-or-story","Word choice: history or story?"
"word-choice-hour-or-time","Word choice: hour or time?"
"word-choice-how-or-what","Word choice: how or what?"
"word-choice-improve-or-increase","Word choice: improve or increase?"
"word-choice-interesting","Word choice: interesting"
"word-choice-interesting-or-interested","Word choice: interesting or interested?"
"word-choice-its-or-it-s","Word choice: its or it's?"
"word-choice-join-or-attend","Word choice: join or attend?"
"word-choice-know-or-find-out","Word choice: know or find out?"
"word-choice-know-or-get-to-know","Word choice: know or get to know?"
"word-choice-last-or-latest","Word choice: last or latest?"
"word-choice-lay-and-lie","Word choice: lay and lie"
"word-choice-learn-teach-or-study","Word choice: learn, teach, or study?"
"word-choice-leave-or-live","Word choice: leave or live?"
"word-choice-lend-and-borrow","Word choice: lend and borrow"
"word-choice-let-or-leave","Word choice: let or leave?"
"word-choice-listen-listen-to-or-hear","Word choice: listen, listen to, or hear?"
"word-choice-look-look-at-see-or-watch","Word choice: look, look at, see, or watch?"
"word-choice-lose-or-miss","Word choice: lose or miss?"
"word-choice-may-or-can","Word choice: may or can?"
"word-choice-meet-get-to-know-and-know","Word choice: meet, get to know, and know"
"word-choice-meet-or-visit","Word choice: meet or visit?"
"word-choice-miss-or-lack","Word choice: miss or lack?"
"word-choice-move-or-travel","Word choice: move or travel?"
"word-choice-needed-or-necessary","Word choice: needed or necessary?"
"word-choice-nervous-agitated-or-irritable","Word choice: nervous, agitated, or irritable?"
"word-choice-not-either","Word choice: not ... either"
"word-choice-notice-or-news","Word choice: notice or news?"
"word-choice-number-or-figure","Word choice: number or figure?"
"word-choice-offer-or-give","Word choice: offer or give?"
"word-choice-on-the-contrary-or-by-in-contrast","Word choice: on the contrary or by/in contrast?"
"word-choice-parents-or-relations-relatives","Word choice: parents or relations/relatives?"
"word-choice-parking-or-car-park","Word choice: parking or car park?"
"word-choice-place-or-room-space","Word choice: place or room/space?"
"word-choice-point-of-view-or-opinion","Word choice: point of view or opinion?"
"word-choice-point-or-point-out","Word choice: point or point out?"
"word-choice-possibility-occasion-or-opportunity","Word choice: possibility, occasion, or opportunity?"
"word-choice-propose-or-offer","Word choice: propose or offer?"
"word-choice-protect-or-prevent","Word choice: protect or prevent?"
"word-choice-reach-or-achieve","Word choice: reach or achieve?"
"word-choice-relation-or-relationship","Word choice: relation or relationship?"
"word-choice-relevant","Word choice: relevant"
"word-choice-remind-or-remember","Word choice: remind or remember?"
"word-choice-require-or-request","Word choice: require or request?"
"word-choice-rest-stay-or-remain","Word choice: rest, stay, or remain?"
"word-choice-right-or-true","Word choice: right or true?"
"word-choice-rise-or-raise","Word choice: rise or raise?"
"word-choice-say-or-tell","Word choice: say or tell?"
"word-choice-security-or-safety","Word choice: security or safety?"
"word-choice-sensitive-or-sensible","Word choice: sensitive or sensible?"
"word-choice-since-from-or-for","Word choice: since, from, or for?"
"word-choice-some-or-any","Word choice: some or any?"
"word-choice-something-or-anything","Word choice: something or anything?"
"word-choice-sometime-or-sometimes","Word choice: sometime or sometimes?"
"word-choice-station-or-stop","Word choice: station or stop?"
"word-choice-staying-or-stay","Word choice: staying or stay?"
"word-choice-strange-or-foreign","Word choice: strange or foreign?"
"word-choice-stuff-or-staff","Word choice: stuff or staff?"
"word-choice-sympathetic","Word choice: sympathetic"
"word-choice-take-part-or-take-place","Word choice: take part or take place?"
"word-choice-tell-or-say","Word choice: tell or say?"
"word-choice-that-or-than","Word choice: that or than?"
"word-choice-think-about-think-of-or-think","Word choice: think about, think of, or think?"
"word-choice-tired-of-or-tired-from","Word choice: tired of or tired from?"
"word-choice-travel-trip-or-journey","Word choice: travel, trip, or journey?"
"word-choice-trouble-or-problem","Word choice: trouble or problem?"
"word-choice-unique-or-only","Word choice: unique or only?"
"word-choice-until-now-or-so-far","Word choice: until now or so far?"
"word-choice-used-to-and-be-used-to","Word choice: used to and be used to"
"word-choice-various-or-varied","Word choice: various or varied?"
"word-choice-view-or-sight","Word choice: view or sight?"
"word-choice-wait-or-expect","Word choice: wait or expect?"
"word-choice-what-or-which","Word choice: what or which?"
"word-choice-when-or-if","Word choice: when or if?"
"word-choice-where-or-when","Word choice: where or when?"
"word-choice-which-or-what","Word choice: which or what?"
"word-choice-which-or-who","Word choice: which or who?"
"word-choice-win-or-beat","Word choice: win or beat?"
"word-choice-wish-or-hope","Word choice: wish or hope?"
"word-choice-work-job-or-occupation","Word choice: work, job, or occupation?"
"word-choice-would-or-should","Word choice: would or should?"
"word-order-again","Word order: again"
"word-order-all","Word order: all"
"word-order-almost","Word order: almost"
"word-order-a-lot","Word order: a lot"
"word-order-already","Word order: already"
"word-order-also","Word order: also"
"word-order-always","Word order: always"
"word-order-as-well","Word order: as well"
"word-order-better","Word order: better"
"word-order-both","Word order: both"
"word-order-enough","Word order: enough"
"word-order-even","Word order: even"
"word-order-hardly","Word order: hardly"
"word-order-how","Word order: how"
"word-order-just","Word order: just"
"word-order-never","Word order: never"
"word-order-often","Word order: often"
"word-order-only","Word order: only"
"word-order-still","Word order: still"
"word-order-very-much","Word order: very much"
"word-order-what","Word order: what"
"word-order-where","Word order: where"
"word-order-why","Word order: why"
"word-patterns-ability","Word patterns: ability"
"word-patterns-able","Word patterns: able"
"word-patterns-affect-someone-or-something","Word patterns: affect someone or something"
"word-patterns-afford","Word patterns: afford"
"word-patterns-apologize-to-someone","Word patterns: apologize to someone"
"word-patterns-approach","Word patterns: approach"
"word-patterns-arrive-somewhere","Word patterns: arrive somewhere"
"word-patterns-ask-for","Word patterns: ask for"
"word-patterns-attend","Word patterns: attend"
"word-patterns-avoid-doing-something","Word patterns: avoid doing something"
"word-patterns-be-get-dressed","Word patterns: be/get dressed"
"word-patterns-because-or-because-of","Word patterns: because or because of?"
"word-patterns-be-worth-doing-something","Word patterns: be worth doing something"
"word-patterns-build-up-or-build","Word patterns: build up or build?"
"word-patterns-call","Word patterns: call"
"word-patterns-can","Word patterns: can"
"word-patterns-capable","Word patterns: capable"
"word-patterns-come","Word patterns: come"
"word-patterns-compensate","Word patterns: compensate"
"word-patterns-complain","Word patterns: complain"
"word-patterns-concerning","Word patterns: concerning"
"word-patterns-consider","Word patterns: consider"
"word-patterns-consider-doing-something","Word patterns: consider doing something"
"word-patterns-contact","Word patterns: contact"
"word-patterns-could","Word patterns: could"
"word-patterns-depend-on-something","Word patterns: depend on something"
"word-patterns-despite","Word patterns: despite"
"word-patterns-didn-t","Word patterns: didn't"
"word-patterns-die","Word patterns: die"
"word-patterns-discuss","Word patterns: discuss"
"word-patterns-dream","Word patterns: dream"
"word-patterns-drop","Word patterns: drop"
"word-patterns-enjoy-doing-something","Word patterns: enjoy doing something"
"word-patterns-enjoy-yourself","Word patterns: enjoy yourself"
"word-patterns-enter-a-place","Word patterns: enter a place"
"word-patterns-explain-something","Word patterns: explain something"
"word-patterns-fall-down-or-fall","Word patterns: fall down or fall?"
"word-patterns-find","Word patterns: find"
"word-patterns-give","Word patterns: give"
"word-patterns-go","Word patterns: go"
"word-patterns-have-a-relationship-with-someone","Word patterns: have a relationship with someone"
"word-patterns-have-difficulty-doing-something","Word patterns: have difficulty doing something"
"word-patterns-hear-from-sb","Word patterns: hear from sb"
"word-patterns-help","Word patterns: help"
"word-patterns-hope","Word patterns: hope"
"word-patterns-increase","Word patterns: increase"
"word-patterns-inform","Word patterns: inform"
"word-patterns-interested","Word patterns: interested"
"word-patterns-invite-someone-to-something","Word patterns: invite someone to something"
"word-patterns-join","Word patterns: join"
"word-patterns-knock","Word patterns: knock"
"word-patterns-lack","Word patterns: lack"
"word-patterns-let","Word patterns: let"
"word-patterns-listen","Word patterns: listen"
"word-patterns-look","Word patterns: look"
"word-patterns-look-forward-to","Word patterns: look forward to"
"word-patterns-make-sb-do-sth","Word patterns: make sb do sth"
"word-patterns-may","Word patterns: may"
"word-patterns-mean","Word patterns: mean"
"word-patterns-mention","Word patterns: mention"
"word-patterns-might","Word patterns: might"
"word-patterns-mind","Word patterns: mind"
"word-patterns-must","Word patterns: must"
"word-patterns-need","Word patterns: need"
"word-patterns-participate","Word patterns: participate"
"word-patterns-pay","Word patterns: pay"
"word-patterns-phone","Word patterns: phone"
"word-patterns-possibility","Word patterns: possibility"
"word-patterns-prefer","Word patterns: prefer"
"word-patterns-prevent","Word patterns: prevent"
"word-patterns-problem","Word patterns: problem"
"word-patterns-promise","Word patterns: promise"
"word-patterns-provide","Word patterns: provide"
"word-patterns-reach","Word patterns: reach"
"word-patterns-recommend","Word patterns: recommend"
"word-patterns-regarding","Word patterns: regarding"
"word-patterns-relationship","Word patterns: relationship"
"word-patterns-rise-up-or-rise","Word patterns: rise up or rise?"
"word-patterns-search-or-search-for","Word patterns: search or search for?"
"word-patterns-seek","Word patterns: seek"
"word-patterns-should","Word patterns: should"
"word-patterns-smile-at-someone-something","Word patterns: smile at someone/something"
"word-patterns-spend","Word patterns: spend"
"word-patterns-stay","Word patterns: stay"
"word-patterns-stop-doing-something-or-stop-to-do-something","Word patterns: stop doing something or stop to do something?"
"word-patterns-succeed","Word patterns: succeed"
"word-patterns-suggest","Word patterns: suggest"
"word-patterns-suit","Word patterns: suit"
"word-patterns-take-care","Word patterns: take care"
"word-patterns-take-part","Word patterns: take part"
"word-patterns-talk-about-or-talk-of","Word patterns: talk about or talk of?"
"word-patterns-think","Word patterns: think"
"word-patterns-think-of-doing-something","Word patterns: think of doing something"
"word-patterns-visit","Word patterns: visit"
"word-patterns-wait","Word patterns: wait"
"word-patterns-want","Word patterns: want"
"word-patterns-want-something-someone-to-do-something","Word patterns: want something/someone to do something"
"word-patterns-way-to-do-something","Word patterns: way to do something"
"word-patterns-will","Word patterns: will"
"word-patterns-would","Word patterns: would"
"word-patterns-would-appreciate","Word patterns: would appreciate"
"word-patterns-would-like","Word patterns: would like"